"","(Intercept)","yyyy"
"1",13227.8316343747,296.940009707188
